Title,Authors,Year,Venue,Primary paper URL,Official code URL,Input modality,Output representation,Reported hardware,Resolution,Reported runtime,Evaluation datasets,Limitations,Relevance to this project,Verification status
"MobiDepth: Real-Time Depth Estimation Using On-Device Dual Cameras","Jinrui Zhang; Huan Yang; Ju Ren; Deyu Zhang; Bangwen He; Yuanchun Li; Ting Cao; Yaoxue Zhang; Yunxin Liu","2022","ACM MobiCom","https://www.microsoft.com/en-us/research/publication/mobidepth-real-time-depth-estimation-using-on-device-dual-cameras/","Not verified","On-device dual RGB cameras","Depth map","Commodity mobile devices; device-specific paper details not fully extracted","Unknown","22 FPS reported in abstract; conditions not reproduced","Author experiments; dataset release not verified","Camera access/calibration/synchronization required; no local reproduction","Phone stereo design lead","Primary metadata and abstract verified; not executed"
"HiMoDepth: Efficient Training-Free High-Resolution On-Device Depth Perception","Jinrui Zhang; Huan Yang; Ju Ren; Deyu Zhang; Bangwen He; Youngki Lee; Ting Cao; Yuanchun Li; Yaoxue Zhang; Yunxin Liu","2024; online 2023","IEEE Transactions on Mobile Computing 23(5):4648-4664","https://ieeexplore.ieee.org/document/10178038/","Not verified","On-device dual RGB cameras","High-resolution depth map","Commodity mobile devices; exact models not verified","1280x960 minimum discussed in abstract","Unknown","Author experiments; details not extracted","High-resolution stereo hardware assumptions; no local reproduction","Hierarchical mobile stereo design lead","IEEE metadata/abstract verified; authors verified at https://snu.elsevierpure.com/en/publications/himodepth-efficient-training-free-high-resolution-on-device-depth/; numerical performance unresolved"
"MobileStereoNet: Towards Lightweight Deep Networks for Stereo Matching","Faranak Shamsafar; Samuel Woerz; Rafia Rahim; Andreas Zell","2022","WACV","https://openaccess.thecvf.com/content/WACV2022/html/Shamsafar_MobileStereoNet_Towards_Lightweight_Deep_Networks_for_Stereo_Matching_WACV_2022_paper.html","https://github.com/cogsys-tuebingen/mobilestereonet","Rectified stereo RGB","Disparity map","Released setup Ubuntu18.04/PyTorch1.4/CUDA10; benchmark device unknown here","Unknown","Unknown","Scene Flow; KITTI; DrivingStereo","Needs calibrated baseline for metres; weight terms unresolved","Lightweight stereo candidate","Primary paper and official code verified; not executed"
"BANet: Bilateral Aggregation Network for Mobile Stereo Matching","Gangwei Xu; Jiaxin Liu; Xianqi Wang; Junda Cheng; Yong Deng; Jinliang Zang; Yurui Chen; Xin Yang","2025","ICCV; acceptance stated on arXiv","https://arxiv.org/abs/2503.03259","https://github.com/gangweix/BANet","Rectified stereo RGB","Disparity map","Mobile devices claimed; exact device not extracted","Unknown","Unknown","KITTI2015 in abstract; complete evaluation not extracted","Calibration and separate weight permissions required","Newer lightweight stereo comparison","Primary metadata and official code verified; not executed"
"HyperSight: Boosting Distant 3D Vision on a Single Dual-camera Smartphone","Zifan Liu; Hongzi Zhu; Junchi Chen; Shan Chang; Lili Qiu","2019","ACM SenSys","https://lion.sjtu.edu.cn/publication/publicationDetail?id=64","Not verified","Dual-camera smartphone with motion and nearby objects","Depth/ranging with virtual long baseline","Commercial off-the-shelf smartphone; exact model not extracted","Unknown","Unknown","Author real-world experiments","Requires motion tracking and nearby visual support; 6cm at5m is an author measurement","Longer baseline and capture guidance lead","Author university page and publisher-format PDF metadata verified; not executed"
"RTAB-Map as an Open-Source Lidar and Visual SLAM Library for Large-Scale and Long-Term Online Operation","Mathieu Labbe; Francois Michaud","2019; arXiv deposit 2024","Journal of Field Robotics 36(2):416-446","https://arxiv.org/abs/2403.06341","https://github.com/introlab/rtabmap","Visual/RGB-D/stereo or lidar depending on configuration","Trajectory and map","Configuration-dependent; unknown here","Configuration-dependent","Unknown","KITTI; EuRoC; TUM RGB-D; MIT Stata Center listed in abstract","Optional dependency/build costs; source checkout is not executable evidence","Later loop-closure baseline","Primary preprint metadata and official repo verified; selected0.22.1 cloned only"
"Structure-From-Motion Revisited","Johannes L. Schonberger; Jan-Michael Frahm","2016","CVPR","https://openaccess.thecvf.com/content_cvpr_2016/html/Schonberger_Structure-From-Motion_Revisited_CVPR_2016_paper.html","https://github.com/colmap/colmap","Overlapping images","Cameras and sparse reconstruction; COLMAP also offers dense stages","Unknown","Unknown","Unknown","Image collections; full evaluation not extracted","Metric scale needs independent anchor; weak overlap/texture failure","Batch image-only reconstruction baseline","Primary paper and official repo verified; selected3.12.6 cloned only"
"Open3D: A Modern Library for 3D Data Processing","Qian-Yi Zhou; Jaesik Park; Vladlen Koltun","2018","arXiv","https://arxiv.org/abs/1801.09847","https://github.com/isl-org/Open3D","Points/meshes/images; colour-depth pipeline available","Points; meshes; registration and integration results","Library/platform-dependent","Input-dependent","Unknown","Not a single benchmark configuration","Library capability is not proof a particular mesh pipeline ran","Executed colour/depth baseline dependency","Primary metadata and official library verified; local runtime receipts in evaluation report"
"MASt3R-SLAM: Real-Time Dense SLAM with 3D Reconstruction Priors","Riku Murai; Eric Dexheimer; Andrew J. Davison","2025; preprint2024","CVPR","https://arxiv.org/abs/2412.12392","https://github.com/rmurai0610/MASt3R-SLAM","RGB sequence; optional intrinsics","Dense geometry and camera trajectory","RTX4090 experiments in official repository","Unknown","Unknown; title real-time claim not independently reproduced","TUM RGB-D; 7-Scenes; EuRoC; ETH3D evaluation scripts","Noncommercial code and separate checkpoint notice; CUDA setup; scale needs validation","Learned reconstruction research comparison","Primary metadata/code/hardware verified; no downloads or execution"
"VGGT: Visual Geometry Grounded Transformer","Jianyuan Wang; Minghao Chen; Nikita Karaev; Andrea Vedaldi; Christian Rupprecht; David Novotny","2025","CVPR","https://arxiv.org/abs/2503.11651","https://github.com/facebookresearch/vggt","One or multiple RGB views","Camera parameters; depth; points; point tracks","Unknown","Unknown","Unknown","Full evaluation not extracted","Image count/memory and metric scale need validation; no licence clearance here","Joint image-only geometry lead","Primary metadata and official code verified; not executed"
"VGGT-Omega","Jianyuan Wang; Minghao Chen; Shangzhan Zhang; Nikita Karaev; Johannes Schonberger; Patrick Labatut; Piotr Bojanowski; David Novotny; Andrea Vedaldi; Christian Rupprecht","2026","CVPR; author project citation","https://arxiv.org/abs/2605.15195","https://github.com/facebookresearch/vggt-omega","RGB views including dynamic scenes","Camera parameters and depth geometry","Unknown","Unknown","Unknown","Sintel named on project page; full evaluation not extracted","Sep2026 project update designates replacement checkpoint for comparisons; terms unresolved","Verified current successor lead","Primary project/arXiv/official code links verified; not executed"
"InfiniteVGGT: Visual Geometry Grounded Transformer for Endless Streams","Shuai Yuan; Yantai Yang; Xiaotian Yang; Xupeng Zhang; Zhonghao Zhao; Lingming Zhang; Zhipeng Zhang","2026","arXiv preprint","https://arxiv.org/abs/2601.02281","https://github.com/AutoLab-SAI-SJTU/InfiniteVGGT","Streaming RGB frames","Streaming visual geometry","Unknown","Unknown","Unknown","Long3D proposed in abstract","Preprint claims not reproduced; code/weight terms not reviewed","Long-sequence memory research lead","Primary metadata and author-linked code URL verified; not executed"
"Streamlining Photogrammetry-based 3D Modeling of Construction Sites using a Smartphone, Cloud Service and Best-view Guidance","R. Moritani; S. Kanai; K. Akutsu; K. Suda; A. Elshafey; N. Urushidate; M. Nishikawa","2020","ISARC","https://www.iaarc.org/publications/fulltext/ISARC_2020_Paper_334.pdf","Not verified","Smartphone photos and cloud reconstruction","Dense construction model and additional-photo guidance","Huawei Mate20-Pro capture; university server","9.7 megapixel capture in case study","Stage-dependent; no phone runtime adopted","Toyoura coast construction case study","Some manual server operations; termination criteria open; no local reproduction","Site capture quality and missing-view feedback","Primary PDF title/authors/year verified; DOI10.22260/ISARC2020/0143; not executed"
"Activity-level construction progress monitoring through semantic segmentation of 3D-informed orthographic images","Aritra Pal; Jacob J. Lin; Shang-Hsien Hsieh; Mani Golparvar-Fard","2024","Automation in Construction157:105157","https://experts.illinois.edu/en/publications/activity-level-construction-progress-monitoring-through-semantic-/","Not verified","Visual construction data and 3D-informed orthographic imagery","Activity-level semantic progress observations","Unknown","Unknown","Unknown","Construction evaluation; exact dataset not extracted","Journal metadata/abstract accessible; detailed benchmark not reviewed","Geometry plus semantic work-area interpretation","Author university title/authors/journal/DOI verified; not executed"
"ARCore Raw Depth","Google developer documentation","Living documentation; checked2026","SDK documentation/codelab","https://codelabs.developers.google.com/codelabs/arcore-rawdepthapi","https://github.com/googlecodelabs/arcore-rawdepthapi","Supported Android device camera and optional depth sensor","Sparse raw depth and confidence; session pose separately available","Device-dependent","Typically160x120; some devices640x480 per Frame API; may change","Unknown","Not a published benchmark","Invalid pixels and cached frames; supported subset of devices","Native phone capture route","Official codelab and Frame API verified; not captured"
"RoomPlan","Apple developer documentation","Living documentation; checked2026","SDK overview","https://developer.apple.com/augmented-reality/roomplan/","Sample-code link on official page; not resolved here","Supported Apple device camera and LiDAR","Parametric indoor room model","Supported LiDAR Apple devices; exact device not selected","Unknown","Unknown","Not a published benchmark","Indoor room assumptions; SDK agreement separate","Indoor native capture alternative","Official overview verified; not captured"
